Game, Date, PlayerID, GroupID, Time, MatchingScheme, Win, NumClicks, ReqTime, DisplayTime, NumShapes, ShapesMatched, Var1, Var2, Var3,
10817,4/10/26 9:20,11,STAT209-01,46.9494,One Color,1,24,0,1,24,24,0,,,
10818,4/10/26 9:20,6,STA209-01,48.079,One Color,1,25,0,1,24,24,0,,,
10819,4/10/26 9:20,9,STA209-01,52.9204,One Color,1,25,0,1,24,24,0,,,
10820,4/10/26 9:21,16,STA209-01,55.6881,One Color,1,25,0,1,24,24,0,,,
10821,4/10/26 9:21,test,test,55.9493,One Color,1,25,0,1,24,24,0,,,
10822,4/10/26 9:21,3,STA209-01,57.7031,One Color,1,25,0,1,24,24,0,,,
10823,4/10/26 9:21,5,STA209-01,67.1556,One Color,1,24,0,1,24,24,0,,,
10824,4/10/26 9:21,10,STA209-01,68.4048,One Color,1,25,0,1,24,24,0,,,
10825,4/10/26 9:21,15,STA209-01,70.6482,One Color,1,25,0,1,24,24,0,,,
10826,4/10/26 9:21,9,STA209-01,70.9873,One Color,1,24,0,1,24,24,0,,,
10827,4/10/26 9:25,5,STA209-01,55.9538,One Color,1,25,0,1,24,24,1,,,
10828,4/10/26 9:25,9,STA209-01,56.9033,One Color,1,24,0,1,24,24,1,,,
10829,4/10/26 9:25,test,test,53.7165,One Color,1,24,0,1,24,24,1,,,
10830,4/10/26 9:25,17,STA209-01,59.3706,One Color,1,25,0,1,24,24,,,,
10831,4/10/26 9:25,2,STA209-01,59.2211,One Color,1,24,0,1,24,24,1,,,
10832,4/10/26 9:25,18,STA209-01,65.0977,One Color,1,26,0,1,24,24,1,,,
10833,4/10/26 9:25,8,STA209-01,65.2395,One Color,1,28,0,1,24,24,1,,,
10834,4/10/26 9:25,1,STA209-01,71.9563,One Color,1,26,0,1,24,24,1,,,
10835,4/10/26 9:25,7,STA209-01,72.7391,One Color,1,25,0,1,24,24,1,,,
10836,4/10/26 10:08,FICC_18,FICC,60,Random Colors,0,21,60,1,24,18,4,1,,
10837,4/10/26 10:09,FICC_4,FICC,39.1556,One Color,1,17,60,1,15,15,3,1,,
10838,4/10/26 10:09,FICC_20,FICC,39.0561,One Color,1,15,60,1,15,15,3,1,,
10839,4/10/26 10:09,FICC_12,FICC,33.8467,One Color,1,17,60,1,15,15,3,1,,
10840,4/10/26 10:09,FICC_1,FICC,39.2695,Random Colors,1,15,60,1,15,15,2,1,,
10841,4/10/26 10:09,FICC_16,FICC,32.8042,One Color,1,15,60,1,15,15,3,1,,
10842,4/10/26 10:09,FICC_8,FICC,37.2002,One Color,1,16,60,1,15,15,3,1,,
10843,4/10/26 10:09,FICC_17,FICC,55.747,Random Colors,1,15,60,1,15,15,2,1,,
10844,4/10/26 10:09,FICC_15,FICC,60,One Color,0,19,60,1,24,17,1,1,,
10845,4/10/26 10:09,FICC_9,FICC,43.45,Random Colors,1,16,60,1,15,15,2,1,,
10846,4/10/26 10:09,FICC_3,FICC,57.6735,One Color,1,25,60,1,24,24,1,1,,
10847,4/10/26 10:09,FICC_13,FICC,33.7524,Random Colors,1,16,60,1,15,15,2,1,,
10848,4/10/26 10:10,FICC_10,FICC,60,Random Colors,0,22,60,1,24,21,4,1,,
10849,4/10/26 10:10,FICC_21,FICC,34.0213,One Shape Diff Col,1,15,60,1,15,15,5,1,,
10850,4/10/26 10:10,FICC_7,FICC,60,One Color,0,16,60,1,24,9,1,1,,
10851,4/10/26 10:10,FICC_6,FICC,60,Random Colors,0,22,60,1,24,20,4,1,,
10852,4/10/26 10:10,FICC_11,FICC,60,One Color,0,24,60,1,24,23,1,1,,
10853,4/10/26 10:10,FICC_2,FICC,60,Random Colors,0,16,60,1,24,14,4,1,,
10854,4/10/26 10:10,FICC_5,FICC,52.6516,Random Colors,1,16,60,1,15,15,2,1,,
10855,4/10/26 10:10,FICC_19,FICC,53.4432,One Color,1,25,60,1,24,24,1,1,,
10856,4/10/26 10:10,FICC_22,FICC,49.285,One Shape Diff Col,1,17,60,1,15,15,5,1,,
10857,4/10/26 10:10,FICC_14,FICC,60,Random Colors,0,15,60,1,24,14,4,1,,
10858,4/10/26 10:11,FICC_1,FICC,43.8475,Random Colors,1,16,60,1,15,15,2,1,,
10859,4/10/26 10:14,FICC_18,FICC,55.1539,Random Colors,1,24,0,1,24,24,4,2,,
10860,4/10/26 10:14,FICC_4,FICC,60,Random Colors,0,23,60,1,24,21,3,2,,
10861,4/10/26 10:14,FICC_19,FICC,56.5839,Random Colors,1,25,0,1,24,24,1,2,,
10862,4/10/26 10:14,FICC_11,FICC,64.9517,Random Colors,1,24,0,1,24,24,1,2,,
10863,4/10/26 10:14,FICC_1,FICC,64.9518,Random Colors,1,24,0,1,24,24,2,2,,
10864,4/10/26 10:14,FICC_3,FICC,61.4324,Random Colors,1,25,0,1,24,24,1,2,,
10865,4/10/26 10:14,FICC_2,FICC,67.2379,Random Colors,1,25,0,1,24,24,4,2,,
10866,4/10/26 10:14,FICC_5,FICC,70.3767,Random Colors,1,25,0,1,24,24,2,2,,
10867,4/10/26 10:14,FICC_16,FICC,75.9724,Random Colors,1,26,0,1,24,24,3,2,,
10868,4/10/26 10:14,FICC_20,FICC,70.4725,Random Colors,1,27,0,1,24,24,3,2,,
10869,4/10/26 10:14,FICC_6,FICC,72.8145,Random Colors,1,25,0,1,24,24,4,2,,
10870,4/10/26 10:14,FICC_17,FICC,75.1827,Random Colors,1,24,0,1,24,24,2,2,,
10871,4/10/26 10:14,FICC_10,FICC,72.4193,Random Colors,1,26,0,1,24,24,4,2,,
10872,4/10/26 10:14,FICC_21,FICC,83.0066,Random Colors,1,26,0,1,24,24,5,2,,
10873,4/10/26 10:14,FICC_22,FICC,81.7002,Random Colors,1,27,0,1,24,24,5,2,,
10874,4/10/26 10:14,FICC_15,FICC,84.3697,Random Colors,1,25,0,1,24,24,1,2,,
10875,4/10/26 10:14,FICC_8,FICC,88.7362,Random Colors,1,26,0,1,24,24,3,2,,
10876,4/10/26 10:15,FICC_7,FICC,97.5532,Random Colors,1,34,0,1,24,24,1,2,,
10877,4/10/26 10:15,FICC_4,FICC,59.0048,Random Colors,1,24,0,1,24,24,3,2,,
10878,4/10/26 10:15,FICC_14,FICC,93.2136,Random Colors,1,26,0,1,24,24,4,2,,
10879,4/10/26 10:16,FICC_12,FICC,67.6088,Random Colors,1,28,0,1,24,24,3,2,,
10880,4/10/26 10:17,FICC_13,FICC,47.9024,Random Colors,1,24,0,1,24,24,2,2,,
10881,4/10/26 10:48,17,STROOP1,30,Matching Colors,0,8,30,1,18,5,1,,,
10882,4/10/26 10:48,9,STROOP1,30,Matching Colors,0,14,30,1,18,11,1,,,
10883,4/10/26 10:48,1,STROOP1,30,Matching Colors,0,12,30,1,18,11,1,,,
10884,4/10/26 10:48,23,STROOP1,30,One Color,0,13,30,1,18,12,Group3,,,
10885,4/10/26 10:48,7,STROOP1,30,Matching Colors,0,16,30,1,18,15,3,,,
10886,4/10/26 10:48,12,STROOP1,29.0417,Matching Colors,1,18,60,1,18,18,Group 2,,,
10887,4/10/26 10:48,2,STROOP1,37.8192,Matching Colors,1,18,60,1,18,18,2,,,
10888,4/10/26 10:48,15,STROOP1,30,One Shape Diff Col,0,16,30,1,18,13,3,,,
10889,4/10/26 10:48,8,stroop1,30,Matching Colors,0,11,30,1,18,11,12,,,
10890,4/10/26 10:48,11,STROOP1,30,One Color,0,16,30,1,18,16,3,,,
10891,4/10/26 10:48,10,STROOP1,40.756,One Color,1,18,60,1,18,18,4,,,
10892,4/10/26 10:48,16,STROOP1,36.8539,Matching Colors,1,19,60,1,18,18,2,,,
10893,4/10/26 10:48,test4,STROOP1,34.4244,One Color,1,18,60,1,18,18,4,,,
10894,4/10/26 10:48,22,STROOP1,34.4715,Matching Colors,1,18,60,1,18,18,Group 2,,,
10895,4/10/26 10:48,3,STROOP1,30,One Color,0,10,30,1,18,9,3,,,
10896,4/10/26 10:48,19,STROOP1,30,One Color,0,14,30,1,18,14,3,,,
10897,4/10/26 10:48,13,STROOP1,30,Matching Colors,0,16,30,1,18,15,1,,,
10898,4/10/26 10:48,4,STROOP1,30,Matching Colors,0,14,30,1,18,14,4,,,
10899,4/10/26 10:48,17,STROOP1,30,Matching Colors,0,13,30,1,18,12,1,,,
10900,4/10/26 10:48,14,STROOP1,37.3114,One Color,1,18,60,1,18,18,4,,,
10901,4/10/26 10:48,9,STROOP1,30,Matching Colors,0,18,30,1,18,17,1,,,
10902,4/10/26 10:48,21,STROOP1,51.545,One Color,1,18,0,1,18,18,group 1,,,
10903,4/10/26 10:48,20,STROOP1,42.1866,One Color,1,20,60,1,18,18,4,,,
10904,4/10/26 10:48,8,stroop1,30,Matching Colors,0,16,30,1,18,16,12,,,
10905,4/10/26 10:48,6,STROOP1,38.5145,Matching Colors,1,20,60,1,18,18,6,,,
10906,4/10/26 10:49,13,STROOP1,27.8199,Matching Colors,1,18,30,1,18,18,1,,,
10907,4/10/26 10:49,8,stroop1,30,Matching Colors,0,17,30,1,18,17,12,,,
10908,4/10/26 10:49,9,STROOP1,30,Matching Colors,0,18,30,1,18,17,1,,,
10909,4/10/26 10:49,test4,STROOP1,21.885,One Color,1,15,30,1,15,15,4,,,
10910,4/10/26 10:49,22,STROOP1,26.8701,Matching Colors,1,18,30,1,18,18,Group 2,,,
10911,4/10/26 10:49,9,STROOP1,30,Matching Colors,0,15,30,1,18,15,1,,,
10912,4/10/26 10:49,20,STROOP1,30,One Color,0,16,30,1,18,15,4,,,
10913,4/10/26 10:49,10,STROOP1,30,One Color,0,15,30,1,18,14,4,,,
10914,4/10/26 10:50,15,STROOP1,31.125,One Shape Diff Col,1,19,60,1,18,18,3,,,
10915,4/10/26 10:50,6,STROOP1,29.4238,Matching Colors,1,20,30,1,18,18,6,,,
10916,4/10/26 10:50,14,STROOP1,30,One Color,0,15,30,1,18,13,4,,,
10917,4/10/26 10:50,17,STROOP1,33.1692,Matching Colors,1,15,60,1,15,15,1,,,
10918,4/10/26 10:50,2,STROOP1,30,Matching Colors,0,17,30,1,18,16,2,,,
10919,4/10/26 10:50,1,STROOP1,33.0209,Matching Colors,1,18,60,1,18,18,1,,,
10920,4/10/26 10:50,16,STROOP1,30,Matching Colors,0,17,30,1,18,17,2,,,
10921,4/10/26 10:50,7,STROOP1,33.64,Matching Colors,1,19,60,1,18,18,3,,,
10922,4/10/26 10:50,19,STROOP1,36.9188,One Color,1,18,60,1,18,18,3,,,
10923,4/10/26 10:50,23,STROOP1,34.0541,One Color,1,18,60,1,18,18,group3,,,
10924,4/10/26 10:50,8,stroop1,30.5041,One Color,1,16,60,1,15,15,12,,,
10925,4/10/26 10:50,11,STROOP1,31.4556,One Color,1,18,60,1,18,18,3,,,
10926,4/10/26 10:50,13,STROOP1,33.3372,Matching Colors,1,19,60,1,18,18,1,,,
10927,4/10/26 10:50,3,STROOP1,42.954,One Color,1,18,60,1,18,18,3,,,
10928,4/10/26 10:50,4,STROOP1,39.6703,Matching Colors,1,18,60,1,18,18,4,,,
10929,4/10/26 10:50,21,STROOP1,48.2823,One Color,1,20,60,1,18,18,group 1,,,
10930,4/10/26 10:50,20,STROOP1,30,One Color,0,16,30,1,18,16,4,,,
10931,4/10/26 10:50,16,STROOP1,30,Matching Colors,0,17,30,1,18,17,2,,,
10932,4/10/26 10:50,9,STROOP1,25.6203,Matching Colors,1,15,30,1,15,15,1,,,
10933,4/10/26 10:51,9,STROOP1,30,Matching Colors,0,19,30,1,18,17,1,,,
10934,4/10/26 10:52,9,STROOP1,29.8044,Matching Colors,1,18,30,1,18,18,1,,,
10935,4/10/26 12:20,438950238,384940,58.0049,Random Colors,1,27,0,0,24,24,,,,
10936,4/10/26 13:13,5,STA 209-05 S26,30,Random Colors,0,13,30,1,24,12,1,trackpad,political science,
10937,4/10/26 13:13,12,STA 209-05 S26,30,Matching Colors,0,11,30,0,24,10,3,trackpad,biochem,
10938,4/10/26 13:13,15,STA 209-05 S26,30,Random Colors,0,8,30,1,24,7,2,trackpad,Economics and French,
10939,4/10/26 13:13,7,STA 209-05 S26,30,Random Colors,0,13,30,1,24,12,1,Trackpad,Political Science,
10940,4/10/26 13:13,2,STA 209-05 S26,30,Random Colors,0,9,30,0,24,5,2,trackpad,sociology,
10941,4/10/26 13:13,6,STA 209-05 S26,30,Matching Colors,0,15,30,0,24,13,1,trackpad,bio,
10942,4/10/26 13:13,8,STA 209-05 S26,30,Matching Colors,0,8,30,1,24,8,1,Trackpad,Music,
10943,4/10/26 13:13,1,STA 209-05 S26,30,Matching Colors,0,12,30,0,24,11,3,trackpad,Mathematics,
10944,4/10/26 13:13,18,STA 209-05 S26,30,Random Colors,0,8,30,0,24,6,3,trackpad,CS,
10945,4/10/26 13:13,14,STA 209-05 S26,30,Random Colors,0,12,30,0,24,9,2,Trackpad,Spanish, Sociology
10946,4/10/26 13:13,25,STA 209-05 S26,30,Random Colors,0,10,30,1,24,8,2,trackpad,mathematics,
10947,4/10/26 13:13,12,STA 209-05 S26,30,Matching Colors,0,23,30,0,24,22,3,trackpad,biochem,
10948,4/10/26 13:13,3,STA 209-05 S26,30,Matching Colors,0,15,30,1,24,14,2029,Trackpad,Biochemistry,
10949,4/10/26 13:13,15,STA 209-05 S26,30,Random Colors,0,10,30,1,24,7,2,trackpad,Economics and French,
10950,4/10/26 13:13,5,STA 209-05 S26,30,Random Colors,0,13,30,1,24,13,1,trackpad,political science,
10951,4/10/26 13:13,16,STA 209-05 S26,30,Matching Colors,0,12,30,1,24,12,2,trackpad,Biology,
10952,4/10/26 13:13,2,STA 209-05 S26,30,Random Colors,0,11,30,0,24,9,2,trackpad,sociology,
10953,4/10/26 13:13,13,STA 209-05 S26,30,Matching Colors,0,11,30,1,24,10,1,trackpad,Biochemistry,
10954,4/10/26 13:13,7,STA 209-05 S26,30,Random Colors,0,10,30,1,24,9,1,Trackpad,Political Science,
10955,4/10/26 13:13,17,STA 209-05 S26,30,Random Colors,0,11,30,1,24,10,1,trackpad,biology,
10956,4/10/26 13:13,11,STA 209-05 S26,30,Matching Colors,0,15,30,1,24,12,1,Trackpad,Economics,
10957,4/10/26 13:14,1,STA 209-05 S26,30,Matching Colors,0,13,30,0,24,12,3,trackpad,Mathematics,
10958,4/10/26 13:14,4,STA 209-05 S26,30,Random Colors,0,10,30,1,24,9,1,trackpad,CS,
10959,4/10/26 13:14,8,STA 209-05 S26,30,Matching Colors,0,12,30,1,24,11,1,Trackpad,Music,
10960,4/10/26 13:14,25,STA 209-05 S26,30,Random Colors,0,11,30,1,24,9,2,trackpad,mathematics,
10961,4/10/26 13:14,14,STA 209-05 S26,30,Random Colors,0,11,30,0,24,10,2,Trackpad,Spanish, Sociology
10962,4/10/26 13:14,3,STA 209-05 S26,30,Matching Colors,0,13,30,1,24,12,2029,Trackpad,Biochemistry,
10963,4/10/26 13:14,16,STA 209-05 S26,30,Matching Colors,0,13,30,1,24,12,2,trackpad,Biology,
10964,4/10/26 13:14,12,STA 209-05 S26,30,Matching Colors,0,22,30,0,24,22,3,trackpad,biochem,
10965,4/10/26 13:14,7,STA 209-05 S26,30,Random Colors,0,10,30,1,24,9,1,Trackpad,Political Science,
10966,4/10/26 13:14,2,STA 209-05 S26,30,Random Colors,0,14,30,0,24,12,2,trackpad,sociology,
10967,4/10/26 13:14,11,STA 209-05 S26,30,Matching Colors,0,17,30,1,24,16,1,Trackpad,Economics,
10968,4/10/26 13:14,13,STA 209-05 S26,30,Matching Colors,0,13,30,1,24,13,1,trackpad,Biochemistry,
10969,4/10/26 13:14,1,STA 209-05 S26,30,Matching Colors,0,12,30,0,24,12,3,trackpad,Mathematics,
10970,4/10/26 13:14,6,STA 209-05 S26,30,Matching Colors,0,14,30,0,24,14,1,trackpad,bio,
10971,4/10/26 13:14,5,STA 209-05 S26,30,Random Colors,0,13,30,1,24,12,1,trackpad,political science,
10972,4/10/26 13:14,8,STA 209-05 S26,30,Matching Colors,0,11,30,1,24,10,1,Trackpad,Music,
10973,4/10/26 13:14,14,STA 209-05 S26,30,Random Colors,0,8,30,0,24,7,2,Trackpad,Spanish, Sociology
10974,4/10/26 13:14,21,STA 209-05 S26,30,One Color,0,7,30,0,24,5,2,trackpad,Ecnonomics,
10975,4/10/26 13:14,25,STA 209-05 S26,30,Random Colors,0,11,30,1,24,9,2,trackpad,mathematics,
10976,4/10/26 13:14,4,STA 209-05 S26,30,Random Colors,0,13,30,1,24,12,1,trackpad,CS,
10977,4/10/26 13:14,10,STA 209-05 S26,30,Matching Colors,0,12,30,0,24,11,1,trackpad,Economics,
10978,4/10/26 13:14,3,STA 209-05 S26,30,Matching Colors,0,13,30,1,24,13,2029,Trackpad,Biochemistry,
10979,4/10/26 13:14,15,STA 209-05 S26,30,Random Colors,0,8,30,1,24,4,2,trackpad,Economcis, French
10980,4/10/26 13:14,18,STA 209-05 S26,30,Random Colors,0,14,30,0,24,14,3,trackpad,CS,
10981,4/10/26 13:14,9,STA 209-05 S26,30,Random Colors,0,9,30,1,24,7,2,Trackpad,Economics,
10982,4/10/26 13:14,16,STA 209-05 S26,30,Matching Colors,0,12,30,1,24,11,2,trackpad,Biology,
10983,4/10/26 13:15,11,STA 209-05 S26,30,Matching Colors,0,21,30,1,24,21,1,Trackpad,Economics,
10984,4/10/26 13:15,13,STA 209-05 S26,30,Matching Colors,0,14,30,1,24,13,1,trackpad,Biochemistry,
10985,4/10/26 13:15,6,STA 209-05 S26,30,Matching Colors,0,16,30,0,24,16,1,trackpad,bio,
10986,4/10/26 13:15,4,STA 209-05 S26,30,Random Colors,0,13,30,1,24,13,1,trackpad,CS,
10987,4/10/26 13:15,21,STA 209-05 S26,30,One Color,0,11,30,0,24,10,2,trackpad,Ecnonomics,
10988,4/10/26 13:15,15,STA 209-05 S26,30,Random Colors,0,9,30,1,24,8,2,trackpad,Economcis, French
10989,4/10/26 13:15,10,STA 209-05 S26,30,Matching Colors,0,14,30,0,24,12,1,trackpad,Economics,
10990,4/10/26 13:15,19,STA 209-05 S26,30,Random Colors,0,10,30,0,24,10,4,Trackpad,General Sci - Bio,
10991,4/10/26 13:15,18,STA 209-05 S26,30,Random Colors,0,15,30,0,24,15,3,trackpad,CS,
10992,4/10/26 13:15,9,STA 209-05 S26,30,Random Colors,0,11,30,1,24,10,2,Trackpad,Economics,
10993,4/10/26 13:15,17,STA 209-05 S26,30,One Color,0,14,30,1,24,13,1,trackpad,biology,
10994,4/10/26 13:15,21,STA 209-05 S26,30,One Color,0,7,30,0,24,7,2,trackpad,Ecnonomics,
10995,4/10/26 13:15,15,STA 209-05 S26,30,Random Colors,0,9,30,1,24,7,2,trackpad,Economcis, French
10996,4/10/26 13:15,10,STA 209-05 S26,30,Matching Colors,0,14,30,0,24,13,1,trackpad,Economics,
10997,4/10/26 13:16,19,STA 209-05 S26,30,Random Colors,0,14,30,0,24,13,4,Trackpad,General Sci - Bio,
10998,4/10/26 13:16,9,STA 209-05 S26,30,Random Colors,0,11,30,1,24,10,2,Trackpad,Economics,
10999,4/10/26 13:16,17,STA 209-05 S26,30,One Color,0,11,30,1,24,9,1,trackpad,biology,
11000,4/10/26 13:16,15,STA 209-05 S26,30,Random Colors,0,8,30,1,24,2,2,trackpad,Economcis, French
11001,4/10/26 13:16,19,STA 209-05 S26,30,Random Colors,0,9,30,0,24,8,4,Trackpad,General Sci - Bio,
11002,4/10/26 14:40,123029392,2309239023,40.8377,One Color,1,17,0,1,15,15,,,,
11003,4/10/26 14:41,123029392,2309239023,29.7225,One Color,1,15,0,1,15,15,,,,
11004,4/10/26 14:42,123029392,2309239023,25.9533,One Color,1,15,0,1,15,15,,,,
11005,4/10/26 14:42,123029392,2309239023,27.4848,One Color,1,16,0,1,15,15,,,,
11006,4/10/26 14:43,123029392,2309239023,30.1391,One Color,1,15,0,1,15,15,,,,
11007,4/10/26 14:46,wells,STA310S26,60,Random Colors,0,9,60,1,15,7,,,,
11008,4/10/26 14:55,S9,BRAWLSTARS,55.2857,Random Colors,1,24,0,1,24,24,1,1,,
11009,4/10/26 14:55,S5,BRAWLSTARS,59.278,Random Colors,1,26,0,1,24,24,1,1,,
11010,4/10/26 14:55,S6,BRAWLSTARS,61.431,Random Colors,1,24,0,1,24,24,1,1,,
11011,4/10/26 14:56,S8,BRAWLSTARS,69.0527,Random Colors,1,25,0,1,24,24,1,1,,
11012,4/10/26 14:56,SACE,BRAWLSTARS,72.0319,Random Colors,1,25,0,1,24,24,1,1,,
11013,4/10/26 14:56,S7,BRAWLSTARS,79.9044,Random Colors,1,26,0,1,24,24,1,1,,
11014,4/10/26 15:03,C8,BRAWLSTARS,48.3714,Random Colors,1,25,0,1,24,24,1,0,,
11015,4/10/26 15:03,C5,BRAWLSTARS,69.2911,Random Colors,1,30,0,1,24,24,1,0,,
11016,4/10/26 15:03,C9,BRAWLSTARS,72.9679,Random Colors,1,27,0,1,24,24,1,0,,
11017,4/10/26 15:03,C7,BRAWLSTARS,85.489,Random Colors,1,29,0,1,24,24,1,0,,
11018,4/10/26 15:03,C6,BRAWLSTARS,64.8824,Random Colors,1,26,0,1,24,24,1,0,,
11019,4/10/26 15:10,D5,BRAWLSTARS,68.1749,Random Colors,1,25,0,1,24,24,0,1,,
11020,4/10/26 15:10,D6,BRAWLSTARS,79.6085,Random Colors,1,25,0,1,24,24,0,1,,
11021,4/10/26 15:10,D7,BRAWLSTARS,82.363,Random Colors,1,27,0,1,24,24,0,1,,
11022,4/10/26 15:10,D#8,BRAWLSTARS,84.4383,Random Colors,1,25,0,1,24,24,0,1,,
11023,4/10/26 15:16,HACE,BRAWLSTARS,51.0508,Random Colors,1,27,0,1,24,24,0,0,,
11024,4/10/26 15:16,H8,BRAWLSTARS,57.6334,Random Colors,1,25,0,1,24,24,0,0,,
11025,4/10/26 15:16,H9,BRAWLSTARS,65.83,Random Colors,1,27,0,1,24,24,0,0,,
11026,4/10/26 15:16,H6,BRAWLSTARS,87.486,Random Colors,1,28,0,1,24,24,0,0,,
11027,4/10/26 15:17,H5,BRAWLSTARS,73.4442,Random Colors,1,25,0,1,24,24,0,0,,
11028,4/10/26 16:47,purplelotl,Taylor2120,56.4088,Random Colors,1,20,0,1,15,15,,,,
11029,4/10/26 16:48,purplelotl,Taylor2120,33.5626,Random Colors,1,16,0,1,15,15,,,,
11030,4/10/26 17:05,DACE,BRAWLSTARS,77.5871,Random Colors,1,24,0,1,24,24,0,1,,
11031,4/10/26 18:05,FICC_100,FICC,42.2882,Random Colors,1,17,60,1,15,15,2,1,,
11032,4/10/26 18:08,FICC_100,FICC,65.5716,Random Colors,1,25,0,1,24,24,2,2,,
11033,4/10/26 18:08,FICC_101,FICC,104.963,Random Colors,1,30,0,1,24,24,2,2,,
11034,4/12/26 12:38,cabota,Taylor2120,39.3724,One Color,1,15,0,1,15,15,,,,
11035,4/12/26 15:36,Maddie,Taylor2120,29.2892,Matching Colors,1,15,0,1,15,15,,,,
11036,4/12/26 16:23,67,5,51.6475,One Color,1,16,0,1,15,15,,,,
11037,4/12/26 19:40,oklapp,taylor2120,38.8214,Random Colors,1,17,0,1,15,15,,,,
11038,4/12/26 22:06,Gabi,Taylor2120,36.971,One Color,1,15,0,1,15,15,,,,
11039,4/12/26 23:28,aditi777,aditi7772,39.1698,One Color,1,16,0,1,15,15,,,,
11040,4/12/26 23:31,aditi777,aditi7772,35.0211,Matching Colors,1,15,0,1,15,15,,,,
11041,4/12/26 23:59,Elliot,Taylor2120,36.61,Matching Colors,1,15,0,1,15,15,,,,
11042,4/13/26 2:06,Bennett,Taylor2120,27.4371,One Color,1,16,0,1,15,15,,,,
11043,4/13/26 2:07,Bennett,Taylor2120,25.5373,One Color,1,15,0,1,15,15,,,,
11044,4/13/26 2:08,Bennett,Taylor2120,27.5859,One Color,1,15,0,1,15,15,,,,
11045,4/13/26 2:09,Bennett,Taylor2120,26.886,One Color,1,15,0,1,15,15,,,,
11046,4/13/26 9:06,Lily,Taylor2120,29.4186,Random Colors,1,15,0,1,15,15,,,,
11047,4/13/26 9:10,Lorenzo,Taylor2120,34.3267,One Color,1,16,0,1,15,15,,,,
11048,4/13/26 9:35,John,Taylor2120,36.8479,Matching Colors,1,16,0,1,15,15,,,,
11049,4/13/26 10:53,JAR,Taylor2120,37.9871,One Color,1,16,0,1,15,15,,,,
11050,4/13/26 10:59,demo,demo,40.4353,Matching Colors,1,15,0,1,15,15,,,,
11051,4/13/26 11:00,demo,demo,43.103,Random Colors,1,15,0,1,15,15,,,,
11052,4/13/26 14:01,5C,STA209_4,32.2698,Random Colors,1,15,0,1,15,15,M,1,M,
11053,4/13/26 14:01,5C,STA207_4,43.0197,Random Colors,1,16,0,1,15,15,M,2,T,
11054,4/13/26 14:01,2C,STA209_4,33.8692,Random Colors,1,15,0,1,15,15,M,2,T,
11055,4/13/26 14:02,9C,STA209_4,33.5691,Random Colors,1,15,0,1,15,15,M,2,T,
11056,4/13/26 14:02,7C,STA209_4,44.8858,Random Colors,1,16,0,1,15,15,M,2,T,
11057,4/13/26 14:02,6C,STAT209_4,52.854,Random Colors,1,18,0,1,15,15,M,2,T,
11058,4/13/26 14:02,8C,STAT209_4,55.2365,Random Colors,1,16,0,1,15,15,M,2,T,
11059,4/13/26 14:02,3C,STA209_4,43.2029,Random Colors,1,15,0,1,15,15,M,1,M,
11060,4/13/26 14:02,5C,STA209_4,29.7034,Random Colors,1,15,0,1,15,15,M,1,M,
11061,4/13/26 14:02,5C,STA207_4,31.0195,Random Colors,1,15,0,1,15,15,M,2,T,
11062,4/13/26 14:02,2C,STA209_4,35.2526,Random Colors,1,15,0,1,15,15,M,2,T,
11063,4/13/26 14:02,9C,STA209_4,37.8862,Random Colors,1,16,0,1,15,15,M,2,T,
11064,4/13/26 14:02,6C,STAT209_4,35.937,Random Colors,1,15,0,1,15,15,M,2,T,
11065,4/13/26 14:02,7C,STA209_4,44.9694,Random Colors,1,16,0,1,15,15,M,2,T,
11066,4/13/26 14:02,8C,STAT209_4,43.9367,Random Colors,1,15,0,1,15,15,M,2,T,
11067,4/13/26 14:02,3C,STA209_4,36.0533,Random Colors,1,15,0,1,15,15,M,1,M,
11068,4/13/26 14:03,5C,STA209_4,32.4701,Random Colors,1,15,0,1,15,15,M,1,M,
11069,4/13/26 14:03,5C,STA207_4,36.1368,Random Colors,1,15,0,1,15,15,M,2,T,
11070,4/13/26 14:03,6C,STAT209_4,34.354,Random Colors,1,15,0,1,15,15,M,2,T,
11071,4/13/26 14:03,2C,STA209_4,33.3861,Random Colors,1,15,0,1,15,15,M,2,T,
11072,4/13/26 14:03,7C,STA209_4,46.1198,Random Colors,1,16,0,1,15,15,M,2,T,
11073,4/13/26 14:03,3C,STA209_4,31.3534,Random Colors,1,15,0,1,15,15,M,1,M,
11074,4/13/26 14:04,8C,STAT209_4,53.7034,Random Colors,1,15,0,1,15,15,M,2,T,
11075,4/13/26 14:04,5C,STA209_4,27.8191,Random Colors,1,15,0,1,15,15,M,1,M,